[{"model": "network.directmessage", "pk": 1, "fields": {"sender": 3, "recipient": 1, "text": "hey david just testing the DM feautre", "timestamp": "2021-07-23T06:18:49.490Z", "is_read": false}}, {"model": "network.user", "pk": 1, "fields": {"password": "pbkdf2_sha256$260000$DMkCeos7XT2M4C2uN2bCoe$jmFXQhXEcUFK5a+Oopn4L7W5OodO8+mYZIiwK2dqgNQ=", "last_login": "2021-07-22T15:50:29.464Z", "is_superuser": false, "username": "dmalan", "first_name": "", "last_name": "", "email": "david@cs50.io", "is_staff": false, "is_active": true, "date_joined": "2021-07-04T10:12:17Z", "avatar": "avatars/QI2kSWz6_400x400.jpg", "displayname": "David J. Malan", "bio": "I teach @CS50. \r\n\r\nGordon McKay Professor of the Practice of Computer Science, Harvard University, malan@harvard.edu", "mentions_since_last_checked": 2, "DMs_since_last_checked": 0, "theme": "_theme_dark", "language": "JA", "groups": [], "user_permissions": [], "following": [2, 3, 20], "liked_posts": [170, 22]}}, {"model": "network.user", "pk": 2, "fields": {"password": "pbkdf2_sha256$260000$RF3P6Edr7tvFJm2ZIKFUQ9$/0NftQWZDu92bANLs/co6JWXzz8tWMwKjh4dagVzOIk=", "last_login": "2021-07-19T14:26:13.023Z", "is_superuser": true, "username": "admin", "first_name": "", "last_name": "", "email": "admin@admin.admin", "is_staff": true, "is_active": true, "date_joined": "2021-07-04T13:12:51Z", "avatar": "avatars/AitorThroup_Anatomyland_NFT_1.jpg", "displayname": "Site Admin", "bio": "This user has not entered a bio", "mentions_since_last_checked": 0, "DMs_since_last_checked": 0, "theme": "_theme_light", "language": "EN", "groups": [], "user_permissions": [], "following": [1, 3], "liked_posts": []}}, {"model": "network.user", "pk": 3, "fields": {"password": "pbkdf2_sha256$260000$uJbrsZDwQt4nvUVT0JZeVf$MGtk/z6SrkoFFU2FCRCenqU0FCIqVBHqRk9ZZiA8120=", "last_login": "2021-07-15T19:09:50.105Z", "is_superuser": false, "username": "brian", "first_name": "", "last_name": "", "email": "brian@brian21.com", "is_staff": false, "is_active": true, "date_joined": "2021-07-04T15:05:35Z", "avatar": "avatars/E48icWVWQAcf-Xl_H3u63DL.jpg", "displayname": "aaaaaaabccccddddd", "bio": "xxxxxddddddddd", "mentions_since_last_checked": 0, "DMs_since_last_checked": 0, "theme": "theme-light", "language": "EN", "groups": [], "user_permissions": [], "following": [], "liked_posts": [113, 17, 16, 15, 12, 11]}}, {"model": "network.user", "pk": 4, "fields": {"password": "pbkdf2_sha256$260000$BUxkOugVj4DWaMWKbtAwwr$C5hD3apUCL1A39+KuwAFI1cgCX7k7Xrtp31rBPOaSvY=", "last_login": "2021-07-10T08:22:44.205Z", "is_superuser": false, "username": "geohot", "first_name": "", "last_name": "", "email": "geo@hot.com", "is_staff": false, "is_active": true, "date_joined": "2021-07-10T08:22:44.007Z", "avatar": "avatars/default_avatar.jpg", "displayname": "George Hotz", "bio": "This user has not entered a bio", "mentions_since_last_checked": 0, "DMs_since_last_checked": 0, "theme": "theme-light", "language": "EN", "groups": [], "user_permissions": [], "following": [], "liked_posts": []}}, {"model": "network.user", "pk": 5, "fields": {"password": "pbkdf2_sha256$260000$jl4PDqPxUqjOJLxsMaTtLN$aAzk0c33pRzujIh6m/ZUsmyHqWHyv1CKMKS2p+ew3So=", "last_login": null, "is_superuser": false, "username": "testuser1234", "first_name": "", "last_name": "", "email": "test@test.test", "is_staff": false, "is_active": true, "date_joined": "2021-07-10T08:28:54.087Z", "avatar": "avatars/default_avatar_kcVJotg.jpg", "displayname": "", "bio": "This user has not entered a bio", "mentions_since_last_checked": 0, "DMs_since_last_checked": 0, "theme": "theme-light", "language": "EN", "groups": [], "user_permissions": [], "following": [], "liked_posts": []}}, {"model": "network.user", "pk": 6, "fields": {"password": "pbkdf2_sha256$260000$ZzWZXcSGaw9yfbWnPOBTgx$qDMdGPhErvYY8JfyOwDok9sdjaZdWvkl2OBccFFpzoE=", "last_login": null, "is_superuser": false, "username": "test", "first_name": "", "last_name": "", "email": "test@test.test", "is_staff": false, "is_active": true, "date_joined": "2021-07-10T09:25:13.854Z", "avatar": "avatars/default_avatar_v96KH1G.jpg", "displayname": "", "bio": "This user has not entered a bio", "mentions_since_last_checked": 0, "DMs_since_last_checked": 0, "theme": "theme-light", "language": "EN", "groups": [], "user_permissions": [], "following": [], "liked_posts": []}}, {"model": "network.user", "pk": 7, "fields": {"password": "pbkdf2_sha256$260000$4ZmVrNiaRZvRyScebE169s$+CMj8h1vPCyafx2TxP1Fh1ptiaXqIzPa72jhgCt1N1A=", "last_login": "2021-07-10T09:26:54.282Z", "is_superuser": false, "username": "aaaaaaa", "first_name": "", "last_name": "", "email": "a@a.a", "is_staff": false, "is_active": true, "date_joined": "2021-07-10T09:26:54.097Z", "avatar": "avatars/default/default_avatar.png", "displayname": "aaaaaa", "bio": "This user has not entered a bio", "mentions_since_last_checked": 0, "DMs_since_last_checked": 0, "theme": "theme-light", "language": "EN", "groups": [], "user_permissions": [], "following": [], "liked_posts": []}}, {"model": "network.user", "pk": 8, "fields": {"password": "pbkdf2_sha256$260000$daqMpGYYlanqgzPyG62PhV$2UKLqu8/+qBzk/TXwJgqLIQVT/mVLe4JA/CGnFdM2Dg=", "last_login": "2021-07-10T09:28:06.352Z", "is_superuser": false, "username": "bbb", "first_name": "", "last_name": "", "email": "b@b.b", "is_staff": false, "is_active": true, "date_joined": "2021-07-10T09:28:06.170Z", "avatar": "avatars/default/default_avatar.png", "displayname": "bbb", "bio": "This user has not entered a bio", "mentions_since_last_checked": 0, "DMs_since_last_checked": 0, "theme": "theme-light", "language": "EN", "groups": [], "user_permissions": [], "following": [], "liked_posts": []}}, {"model": "network.user", "pk": 9, "fields": {"password": "pbkdf2_sha256$260000$Q5P8P1bA0PLN1JV40ZStrm$3B+Id5MR9EHYfahG+j9jbzQxxNCW/EDn2jq+jvn+ooI=", "last_login": null, "is_superuser": false, "username": "ggggg", "first_name": "", "last_name": "", "email": "g@g.g", "is_staff": false, "is_active": true, "date_joined": "2021-07-10T10:30:38.578Z", "avatar": "avatars/default_avatar_9n6WtHk.jpg", "displayname": "", "bio": "This user has not entered a bio", "mentions_since_last_checked": 0, "DMs_since_last_checked": 0, "theme": "theme-light", "language": "EN", "groups": [], "user_permissions": [], "following": [], "liked_posts": []}}, {"model": "network.user", "pk": 10, "fields": {"password": "pbkdf2_sha256$260000$BJvIPBtZYWg7pWG2sTVcob$HQsvUfe1hnZoj7Sk4bH1bN88Nprdn8p7VK8qJRkpMns=", "last_login": null, "is_superuser": false, "username": "asdasdf", "first_name": "", "last_name": "", "email": "s@s.s", "is_staff": false, "is_active": true, "date_joined": "2021-07-10T10:32:49.095Z", "avatar": "avatars/default_avatar_kOrQ84i.jpg", "displayname": "", "bio": "This user has not entered a bio", "mentions_since_last_checked": 0, "DMs_since_last_checked": 0, "theme": "theme-light", "language": "EN", "groups": [], "user_permissions": [], "following": [], "liked_posts": []}}, {"model": "network.user", "pk": 11, "fields": {"password": "pbkdf2_sha256$260000$j5XTJQLwcxyyKjGE3GsByH$XCzJZfweGWvLc6FOljMcNTwlh1lvtB6IWyqyirSYq30=", "last_login": null, "is_superuser": false, "username": "asfddfdddasdfff", "first_name": "", "last_name": "", "email": "test@cs50.io", "is_staff": false, "is_active": true, "date_joined": "2021-07-10T10:44:05.735Z", "avatar": "avatars/default_avatar_87DQiPh.jpg", "displayname": "", "bio": "This user has not entered a bio", "mentions_since_last_checked": 0, "DMs_since_last_checked": 0, "theme": "theme-light", "language": "EN", "groups": [], "user_permissions": [], "following": [], "liked_posts": []}}, {"model": "network.user", "pk": 12, "fields": {"password": "pbkdf2_sha256$260000$4a6OnWF7BGKbAGPc8sHGic$c0m44OFMvU4piV8uq7JsSKeSr1RyEammpjhXhHpyJNw=", "last_login": null, "is_superuser": false, "username": "asfodfdddasdfff", "first_name": "", "last_name": "", "email": "test@cs50.io", "is_staff": false, "is_active": true, "date_joined": "2021-07-10T10:46:51.904Z", "avatar": "avatars/default_avatar_re0j4SS.jpg", "displayname": "", "bio": "This user has not entered a bio", "mentions_since_last_checked": 0, "DMs_since_last_checked": 0, "theme": "theme-light", "language": "EN", "groups": [], "user_permissions": [], "following": [], "liked_posts": []}}, {"model": "network.user", "pk": 13, "fields": {"password": "pbkdf2_sha256$260000$aiOGqx6pNPNloNbDqz5Ogi$neOIhvdCDHRTqKttbUgpDlft1cTYh713WmuUeUtVwjI=", "last_login": null, "is_superuser": false, "username": "asfodfdddfff", "first_name": "", "last_name": "", "email": "test@cs50.io", "is_staff": false, "is_active": true, "date_joined": "2021-07-10T10:47:51.110Z", "avatar": "avatars/default_avatar_OyAtAHQ.jpg", "displayname": "", "bio": "This user has not entered a bio", "mentions_since_last_checked": 0, "DMs_since_last_checked": 0, "theme": "theme-light", "language": "EN", "groups": [], "user_permissions": [], "following": [], "liked_posts": []}}, {"model": "network.user", "pk": 14, "fields": {"password": "pbkdf2_sha256$260000$SwLXyzsbsMhftqzeoURZiG$WaLU/yClFIbF5/kFT8Fmj/KTHSZSA+54IONFaQgRgUo=", "last_login": null, "is_superuser": false, "username": "asfodfdodfff", "first_name": "", "last_name": "", "email": "test@cs50.io", "is_staff": false, "is_active": true, "date_joined": "2021-07-10T10:48:22.500Z", "avatar": "avatars/default_avatar_7u3TYOC.jpg", "displayname": "", "bio": "This user has not entered a bio", "mentions_since_last_checked": 0, "DMs_since_last_checked": 0, "theme": "theme-light", "language": "EN", "groups": [], "user_permissions": [], "following": [], "liked_posts": []}}, {"model": "network.user", "pk": 15, "fields": {"password": "pbkdf2_sha256$260000$bhIXIE7XZdH6DfIyZPtHmU$vnQwnAjnuKjoTZjNP2w9ROvTqNahywhoKfltRuKbOTg=", "last_login": "2021-07-10T10:54:49.824Z", "is_superuser": false, "username": "cje89", "first_name": "", "last_name": "", "email": "test@chris.io", "is_staff": false, "is_active": true, "date_joined": "2021-07-10T10:54:49.636Z", "avatar": "avatars/default_avatar_LHx96na.jpg", "displayname": "Cool Chris", "bio": "This user has not entered a bio", "mentions_since_last_checked": 0, "DMs_since_last_checked": 0, "theme": "theme-light", "language": "EN", "groups": [], "user_permissions": [], "following": [], "liked_posts": []}}, {"model": "network.user", "pk": 16, "fields": {"password": "pbkdf2_sha256$260000$ZhP0Hn6HH0YExxiZfDpNaF$TnE1tMJUiDfvQ7XVaw5ySGctgm5EW+ryKkWQg9Rvtz8=", "last_login": "2021-07-10T11:24:48.668Z", "is_superuser": false, "username": "brock", "first_name": "", "last_name": "", "email": "brock@rogers.com", "is_staff": false, "is_active": true, "date_joined": "2021-07-10T11:24:48.472Z", "avatar": "avatars/default_avatar_T2YO76o.jpg", "displayname": "brock rogers", "bio": "This user has not entered a bio", "mentions_since_last_checked": 0, "DMs_since_last_checked": 0, "theme": "theme-light", "language": "EN", "groups": [], "user_permissions": [], "following": [], "liked_posts": []}}, {"model": "network.user", "pk": 17, "fields": {"password": "pbkdf2_sha256$260000$FFzFAd92XuiAOjGa6Pk0Sr$+ODiUe+91YxaIntKXQO6KvJGl/ioeNipa4cztZQsQTI=", "last_login": "2021-07-10T16:38:35.974Z", "is_superuser": false, "username": "erik", "first_name": "", "last_name": "", "email": "erik@cs50.io", "is_staff": false, "is_active": true, "date_joined": "2021-07-10T16:38:35.738Z", "avatar": "avatars/default/dafault_avatar.png", "displayname": "erik", "bio": "This user has not entered a bio", "mentions_since_last_checked": 0, "DMs_since_last_checked": 0, "theme": "theme-light", "language": "EN", "groups": [], "user_permissions": [], "following": [], "liked_posts": []}}, {"model": "network.user", "pk": 18, "fields": {"password": "pbkdf2_sha256$260000$inHjygdTNGpE3dSV5q2hdG$FT6xS3C+LxCxGqp00sLl8zwVUtQUC+GVdnbpipSgMWM=", "last_login": "2021-07-10T16:42:12.608Z", "is_superuser": false, "username": "joey", "first_name": "", "last_name": "", "email": "joey@cs50.io", "is_staff": false, "is_active": true, "date_joined": "2021-07-10T16:42:12.367Z", "avatar": "avatars/default/dafault_avatar.jpg", "displayname": "joey", "bio": "This user has not entered a bio", "mentions_since_last_checked": 0, "DMs_since_last_checked": 0, "theme": "theme-light", "language": "EN", "groups": [], "user_permissions": [], "following": [], "liked_posts": []}}, {"model": "network.user", "pk": 19, "fields": {"password": "pbkdf2_sha256$260000$H23NWNyvlhTLDJBtRHPJzt$v2DBrThxB6Ano8hmYAZwvZPOYEB+dyVzlxcwNmnvnLo=", "last_login": "2021-07-10T16:43:05.491Z", "is_superuser": false, "username": "chad", "first_name": "", "last_name": "", "email": "chad@cs50.io", "is_staff": false, "is_active": true, "date_joined": "2021-07-10T16:43:05.254Z", "avatar": "avatars/default/dafault_avatar.jpg", "displayname": "chad", "bio": "This user has not entered a bio", "mentions_since_last_checked": 0, "DMs_since_last_checked": 0, "theme": "theme-light", "language": "EN", "groups": [], "user_permissions": [], "following": [], "liked_posts": []}}, {"model": "network.user", "pk": 20, "fields": {"password": "pbkdf2_sha256$260000$CU467hql3dan3ebKCRkBtF$zhLxs3ep4+nz/Lgtca2nBtwm9vysOm8iZ35xSk/BaPU=", "last_login": "2021-07-10T16:44:08.376Z", "is_superuser": false, "username": "bing", "first_name": "", "last_name": "", "email": "bing@cs50.io", "is_staff": false, "is_active": true, "date_joined": "2021-07-10T16:44:08.131Z", "avatar": "avatars/E5OscT8WEAYoCGK_90Sk2Il.jpg", "displayname": "displayname test", "bio": "This user has not entered a bio", "mentions_since_last_checked": 0, "DMs_since_last_checked": 0, "theme": "theme-light", "language": "EN", "groups": [], "user_permissions": [], "following": [], "liked_posts": [23]}}, {"model": "network.user", "pk": 21, "fields": {"password": "pbkdf2_sha256$260000$a02Ptgxdo5OzGn52GEUHCF$Qdxg1kSUU3gNwjA14eKUlyTxUq6l2p6aUqmhVajP8cQ=", "last_login": "2021-07-14T09:46:51.578Z", "is_superuser": false, "username": "twitter_egg", "first_name": "", "last_name": "", "email": "twitteregg@twitter.com", "is_staff": false, "is_active": true, "date_joined": "2021-07-10T21:26:00.961Z", "avatar": "avatars/default/default_avatar.jpg", "displayname": "I'm the Twitter Egg", "bio": "This user has not entered a bio", "mentions_since_last_checked": 0, "DMs_since_last_checked": 0, "theme": "theme-light", "language": "EN", "groups": [], "user_permissions": [], "following": [], "liked_posts": []}}, {"model": "network.user", "pk": 22, "fields": {"password": "pbkdf2_sha256$260000$v9pNOSdlxXyD9SISC5Gwhh$gFCRtkf6nsWbzBwNCk7eJd7p98GCZlz+Wbj8IvsWlo0=", "last_login": "2021-07-14T12:58:51.976Z", "is_superuser": false, "username": "testuser2", "first_name": "", "last_name": "", "email": "test@cs50.io", "is_staff": false, "is_active": true, "date_joined": "2021-07-14T12:58:51.750Z", "avatar": "avatars/default/default_avatar.jpg", "displayname": "test user 2", "bio": "This user has not entered a bio", "mentions_since_last_checked": 0, "DMs_since_last_checked": 0, "theme": "theme-light", "language": "EN", "groups": [], "user_permissions": [], "following": [], "liked_posts": []}}, {"model": "network.user", "pk": 24, "fields": {"password": "pbkdf2_sha256$260000$jCDqvHE6ZGKpMNkU79ADSU$Zr5KHFFgOROdypYd8+cUz93Cd5TzUUfPbVpJwDN6Tpo=", "last_login": "2021-07-15T08:13:07.385Z", "is_superuser": false, "username": "coolguy", "first_name": "", "last_name": "", "email": "cool@guy.com", "is_staff": false, "is_active": true, "date_joined": "2021-07-15T08:13:07.154Z", "avatar": "avatars/default/default_avatar.jpg", "displayname": "Cool Guy", "bio": "This user has not entered a bio", "mentions_since_last_checked": 0, "DMs_since_last_checked": 0, "theme": "theme-light", "language": "EN", "groups": [], "user_permissions": [], "following": [], "liked_posts": []}}, {"model": "network.user", "pk": 25, "fields": {"password": "pbkdf2_sha256$260000$khxvvjAsOtabZyMt1ngrtr$FHzoCpIXrjrLYZHyw/nYHnfd0xuPUj4rxSLMpuVjxQY=", "last_login": "2021-07-15T08:23:16.361Z", "is_superuser": false, "username": "test444", "first_name": "", "last_name": "", "email": "hello@hello.hello", "is_staff": false, "is_active": true, "date_joined": "2021-07-15T08:23:16.099Z", "avatar": "avatars/default/default_avatar.jpg", "displayname": "Hello", "bio": "", "mentions_since_last_checked": 0, "DMs_since_last_checked": 0, "theme": "theme-light", "language": "EN", "groups": [], "user_permissions": [], "following": [], "liked_posts": []}}, {"model": "network.user", "pk": 26, "fields": {"password": "pbkdf2_sha256$260000$iTplfuQuxW0ejJ8TPKyMJg$cyB028FV+tR2YvDKuM52x+J3EiNUwC79vuIv3oIdXGk=", "last_login": "2021-07-15T08:25:21.375Z", "is_superuser": false, "username": "asdf", "first_name": "", "last_name": "", "email": "asdf@asdf.cin", "is_staff": false, "is_active": true, "date_joined": "2021-07-15T08:25:21.130Z", "avatar": "avatars/AitorThroup_Anatomyland_Yang_3x2.jpg", "displayname": "asdfa", "bio": "sadf", "mentions_since_last_checked": 0, "DMs_since_last_checked": 0, "theme": "theme-light", "language": "EN", "groups": [], "user_permissions": [], "following": [], "liked_posts": []}}, {"model": "network.user", "pk": 27, "fields": {"password": "pbkdf2_sha256$260000$q57fQrodc9Sv6vYwFlMcHT$AruxuhmjCJNWL8P9loI6CCRHdCwIqHoN1b5A4SbMpVw=", "last_login": "2021-07-15T20:30:04.625Z", "is_superuser": false, "username": "boner", "first_name": "", "last_name": "", "email": "boner@boner.com", "is_staff": false, "is_active": true, "date_joined": "2021-07-15T20:26:15.188Z", "avatar": "avatars/default/default_avatar.jpg", "displayname": "boner", "bio": "", "mentions_since_last_checked": 0, "DMs_since_last_checked": 0, "theme": "theme-light", "language": "EN", "groups": [], "user_permissions": [], "following": [], "liked_posts": []}}, {"model": "network.user", "pk": 28, "fields": {"password": "pbkdf2_sha256$260000$KPF4f5lhLcdgfnzFS3xd2M$xPD9UatIvmxLGLNbDFlFVGUec4+p/9Bkx5N0WfpwkAA=", "last_login": "2021-07-15T20:32:16.890Z", "is_superuser": false, "username": "test111", "first_name": "", "last_name": "", "email": "test111@gmail.com", "is_staff": false, "is_active": true, "date_joined": "2021-07-15T20:31:50.154Z", "avatar": "avatars/default/default_avatar.jpg", "displayname": "test111", "bio": "", "mentions_since_last_checked": 0, "DMs_since_last_checked": 0, "theme": "theme-light", "language": "EN", "groups": [], "user_permissions": [], "following": [], "liked_posts": []}}, {"model": "network.user", "pk": 29, "fields": {"password": "pbkdf2_sha256$260000$JS0PhYezouOWjdUJ0gwWAn$deIqh248poshEWuG+sAB1FWuPRJd/leC9TkvNMzzSOQ=", "last_login": "2021-07-15T20:33:30.266Z", "is_superuser": false, "username": "test222", "first_name": "", "last_name": "", "email": "test222@gmail.com", "is_staff": false, "is_active": true, "date_joined": "2021-07-15T20:33:30.025Z", "avatar": "avatars/default/default_avatar.jpg", "displayname": "test222", "bio": "", "mentions_since_last_checked": 0, "DMs_since_last_checked": 0, "theme": "theme-light", "language": "EN", "groups": [], "user_permissions": [], "following": [], "liked_posts": []}}, {"model": "network.user", "pk": 30, "fields": {"password": "pbkdf2_sha256$260000$GDLZTIbSAObaCmoix3YUyS$F77q5z2ZCZipOZokIziMYesHGo7U3n+fdzOZn6cW5aw=", "last_login": "2021-07-15T20:34:29.808Z", "is_superuser": false, "username": "test333", "first_name": "", "last_name": "", "email": "test333@gmail.com", "is_staff": false, "is_active": true, "date_joined": "2021-07-15T20:34:29.535Z", "avatar": "avatars/default/default_avatar.jpg", "displayname": "test333", "bio": "", "mentions_since_last_checked": 0, "DMs_since_last_checked": 0, "theme": "theme-light", "language": "EN", "groups": [], "user_permissions": [], "following": [], "liked_posts": []}}, {"model": "network.user", "pk": 31, "fields": {"password": "pbkdf2_sha256$260000$y0ae41KZXmKg9azdRoBFwq$H6b5R6w+R8SoI2J+GjmkA8aVJ9qRcfMpiFBUqS4ABaE=", "last_login": "2021-07-15T20:35:36.154Z", "is_superuser": false, "username": "test555", "first_name": "", "last_name": "", "email": "a@a.com", "is_staff": false, "is_active": true, "date_joined": "2021-07-15T20:35:35.912Z", "avatar": "avatars/default/default_avatar.jpg", "displayname": "a", "bio": "", "mentions_since_last_checked": 0, "DMs_since_last_checked": 0, "theme": "theme-light", "language": "EN", "groups": [], "user_permissions": [], "following": [], "liked_posts": []}}, {"model": "network.user", "pk": 32, "fields": {"password": "pbkdf2_sha256$260000$IBKk98OzV3oztgFqWPI5DB$e5v0aawkyvyVcPHoqIbABNEFpFiJiMnrQinovPBkH+4=", "last_login": "2021-07-15T20:37:16.173Z", "is_superuser": false, "username": "test22", "first_name": "", "last_name": "", "email": "aaa@aaa.com", "is_staff": false, "is_active": true, "date_joined": "2021-07-15T20:37:15.930Z", "avatar": "avatars/default/default_avatar.jpg", "displayname": "aaa", "bio": "", "mentions_since_last_checked": 0, "DMs_since_last_checked": 0, "theme": "theme-light", "language": "EN", "groups": [], "user_permissions": [], "following": [], "liked_posts": []}}, {"model": "network.user", "pk": 33, "fields": {"password": "pbkdf2_sha256$260000$PbO6kZndWYN3QOaFoyPnMP$UaUD/aeArUGaSNcZ6BqH8TnzEA9T3mOFJVR6U9FRfdc=", "last_login": "2021-07-15T20:40:47.356Z", "is_superuser": false, "username": "testbbb", "first_name": "", "last_name": "", "email": "testd@gasdfg.com", "is_staff": false, "is_active": true, "date_joined": "2021-07-15T20:38:11.745Z", "avatar": "avatars/default/default_avatar.jpg", "displayname": "bbbbbbb", "bio": "", "mentions_since_last_checked": 0, "DMs_since_last_checked": 0, "theme": "theme-light", "language": "EN", "groups": [], "user_permissions": [], "following": [], "liked_posts": []}}, {"model": "network.user", "pk": 34, "fields": {"password": "pbkdf2_sha256$260000$qUARS5aMbdLtomvouDYM3y$zkjARwCFNYsHl+0dr3/eCorcDZYLNiWZ12e7ojKJJAo=", "last_login": "2021-07-17T09:47:34.466Z", "is_superuser": false, "username": "mmmnnn", "first_name": "", "last_name": "", "email": "sdfasfd@asdfas.com", "is_staff": false, "is_active": true, "date_joined": "2021-07-17T09:47:34.191Z", "avatar": "avatars/E5OscT8WEAYoCGK_k0QdbEY.jpg", "displayname": "asdfsdf", "bio": "dsfsdf", "mentions_since_last_checked": 0, "DMs_since_last_checked": 0, "theme": "theme-light", "language": "EN", "groups": [], "user_permissions": [], "following": [], "liked_posts": []}}, {"model": "network.user", "pk": 35, "fields": {"password": "pbkdf2_sha256$260000$wb0Ge26oMP2fxsO6IKgNvh$qlmjhANsbtySzgtWgS0fd9vB3IZbZWHqQ5Kk0+KbDLA=", "last_login": "2021-07-17T10:38:24.949Z", "is_superuser": false, "username": "opopopopop", "first_name": "", "last_name": "", "email": "opop@gmail.com", "is_staff": false, "is_active": true, "date_joined": "2021-07-17T10:38:24.687Z", "avatar": "avatars/Screenshot_2021-05-22_at_16.jpg", "displayname": "opop", "bio": "big baby", "mentions_since_last_checked": 0, "DMs_since_last_checked": 0, "theme": "theme-light", "language": "EN", "groups": [], "user_permissions": [], "following": [], "liked_posts": []}}, {"model": "network.post", "pk": 1, "fields": {"user": 1, "timestamp": "2021-07-04T14:52:29.702Z", "text": "just setting up my twittr", "mentioned_users": []}}, {"model": "network.post", "pk": 2, "fields": {"user": 1, "timestamp": "2021-07-05T08:31:40.009Z", "text": "Post 2", "mentioned_users": []}}, {"model": "network.post", "pk": 3, "fields": {"user": 1, "timestamp": "2021-07-05T08:31:45.327Z", "text": "Post 3", "mentioned_users": []}}, {"model": "network.post", "pk": 4, "fields": {"user": 1, "timestamp": "2021-07-05T08:31:53.069Z", "text": "Post 4", "mentioned_users": []}}, {"model": "network.post", "pk": 5, "fields": {"user": 1, "timestamp": "2021-07-05T08:31:58.304Z", "text": "Post 5", "mentioned_users": []}}, {"model": "network.post", "pk": 6, "fields": {"user": 1, "timestamp": "2021-07-05T08:32:05.069Z", "text": "Post 6", "mentioned_users": []}}, {"model": "network.post", "pk": 7, "fields": {"user": 1, "timestamp": "2021-07-05T08:32:11.251Z", "text": "Post 7", "mentioned_users": []}}, {"model": "network.post", "pk": 8, "fields": {"user": 1, "timestamp": "2021-07-05T08:32:17.337Z", "text": "Post 8", "mentioned_users": []}}, {"model": "network.post", "pk": 9, "fields": {"user": 1, "timestamp": "2021-07-05T08:32:22.911Z", "text": "Post 9", "mentioned_users": []}}, {"model": "network.post", "pk": 10, "fields": {"user": 1, "timestamp": "2021-07-05T08:32:28.211Z", "text": "Post 10", "mentioned_users": []}}, {"model": "network.post", "pk": 11, "fields": {"user": 1, "timestamp": "2021-07-05T08:32:33.464Z", "text": "Post 11", "mentioned_users": []}}, {"model": "network.post", "pk": 12, "fields": {"user": 1, "timestamp": "2021-07-05T08:32:39.499Z", "text": "Post 12", "mentioned_users": []}}, {"model": "network.post", "pk": 13, "fields": {"user": 1, "timestamp": "2021-07-05T12:28:30.720Z", "text": "sdfsdf", "mentioned_users": []}}, {"model": "network.post", "pk": 14, "fields": {"user": 1, "timestamp": "2021-07-05T12:29:18.546Z", "text": "ffff", "mentioned_users": []}}, {"model": "network.post", "pk": 15, "fields": {"user": 1, "timestamp": "2021-07-05T12:39:43.825Z", "text": "sdsdfsdf", "mentioned_users": []}}, {"model": "network.post", "pk": 16, "fields": {"user": 1, "timestamp": "2021-07-05T12:39:45.350Z", "text": "sdsdfsdf", "mentioned_users": []}}, {"model": "network.post", "pk": 17, "fields": {"user": 1, "timestamp": "2021-07-05T12:39:48.215Z", "text": "sdsdfsdf", "mentioned_users": []}}, {"model": "network.post", "pk": 18, "fields": {"user": 1, "timestamp": "2021-07-05T12:39:53.775Z", "text": "sdfsdf", "mentioned_users": []}}, {"model": "network.post", "pk": 19, "fields": {"user": 1, "timestamp": "2021-07-06T14:16:28.050Z", "text": "post", "mentioned_users": []}}, {"model": "network.post", "pk": 20, "fields": {"user": 3, "timestamp": "2021-07-06T15:02:09.956Z", "text": "helloaf", "mentioned_users": []}}, {"model": "network.post", "pk": 21, "fields": {"user": 3, "timestamp": "2021-07-06T15:50:43.140Z", "text": "aaabbbccc", "mentioned_users": []}}, {"model": "network.post", "pk": 22, "fields": {"user": 3, "timestamp": "2021-07-06T16:28:23.989Z", "text": "aaa", "mentioned_users": []}}, {"model": "network.post", "pk": 23, "fields": {"user": 2, "timestamp": "2021-07-09T16:44:44.998Z", "text": "bbbb", "mentioned_users": []}}, {"model": "network.post", "pk": 24, "fields": {"user": 2, "timestamp": "2021-07-09T17:04:35.508Z", "text": "aaaaa", "mentioned_users": []}}, {"model": "network.post", "pk": 25, "fields": {"user": 20, "timestamp": "2021-07-10T17:05:26.666Z", "text": "testdfff", "mentioned_users": []}}, {"model": "network.post", "pk": 26, "fields": {"user": 20, "timestamp": "2021-07-10T18:23:21.699Z", "text": "Test", "mentioned_users": []}}, {"model": "network.post", "pk": 27, "fields": {"user": 1, "timestamp": "2021-07-10T19:22:58.145Z", "text": "Thinking about making CS51\n", "mentioned_users": []}}, {"model": "network.post", "pk": 28, "fields": {"user": 21, "timestamp": "2021-07-10T21:35:24.305Z", "text": "tweet2", "mentioned_users": []}}, {"model": "network.post", "pk": 29, "fields": {"user": 21, "timestamp": "2021-07-10T21:35:43.469Z", "text": "twoopaaa", "mentioned_users": []}}, {"model": "network.post", "pk": 30, "fields": {"user": 1, "timestamp": "2021-07-11T14:09:20.092Z", "text": "tweet", "mentioned_users": []}}, {"model": "network.post", "pk": 31, "fields": {"user": 1, "timestamp": "2021-07-11T14:09:35.697Z", "text": "test", "mentioned_users": []}}, {"model": "network.post", "pk": 32, "fields": {"user": 1, "timestamp": "2021-07-11T14:10:40.982Z", "text": "asdddd", "mentioned_users": []}}, {"model": "network.post", "pk": 33, "fields": {"user": 1, "timestamp": "2021-07-11T16:17:08.344Z", "text": "hi", "mentioned_users": []}}, {"model": "network.post", "pk": 34, "fields": {"user": 1, "timestamp": "2021-07-11T16:20:34.975Z", "text": "test", "mentioned_users": []}}, {"model": "network.post", "pk": 35, "fields": {"user": 1, "timestamp": "2021-07-11T20:37:50.804Z", "text": "asd", "mentioned_users": []}}, {"model": "network.post", "pk": 36, "fields": {"user": 1, "timestamp": "2021-07-11T20:49:26.549Z", "text": "asdffsd", "mentioned_users": []}}, {"model": "network.post", "pk": 37, "fields": {"user": 1, "timestamp": "2021-07-11T20:51:28.114Z", "text": "sdfsdf", "mentioned_users": []}}, {"model": "network.post", "pk": 38, "fields": {"user": 1, "timestamp": "2021-07-11T20:52:55.722Z", "text": "ffff", "mentioned_users": []}}, {"model": "network.post", "pk": 39, "fields": {"user": 1, "timestamp": "2021-07-11T21:19:08.710Z", "text": "dddd", "mentioned_users": []}}, {"model": "network.post", "pk": 40, "fields": {"user": 1, "timestamp": "2021-07-11T21:19:14.053Z", "text": "ffff", "mentioned_users": []}}, {"model": "network.post", "pk": 41, "fields": {"user": 1, "timestamp": "2021-07-11T21:19:17.658Z", "text": "asdfasdf", "mentioned_users": []}}, {"model": "network.post", "pk": 42, "fields": {"user": 1, "timestamp": "2021-07-11T21:19:23.134Z", "text": "ffff", "mentioned_users": []}}, {"model": "network.post", "pk": 43, "fields": {"user": 1, "timestamp": "2021-07-11T21:19:26.145Z", "text": "aaaa", "mentioned_users": []}}, {"model": "network.post", "pk": 44, "fields": {"user": 1, "timestamp": "2021-07-11T21:21:24.533Z", "text": "fff", "mentioned_users": []}}, {"model": "network.post", "pk": 45, "fields": {"user": 1, "timestamp": "2021-07-11T21:21:27.863Z", "text": "ddd", "mentioned_users": []}}, {"model": "network.post", "pk": 46, "fields": {"user": 1, "timestamp": "2021-07-11T21:27:40.946Z", "text": "fff", "mentioned_users": []}}, {"model": "network.post", "pk": 47, "fields": {"user": 1, "timestamp": "2021-07-11T21:27:45.982Z", "text": "sdfsdfasdf", "mentioned_users": []}}, {"model": "network.post", "pk": 48, "fields": {"user": 1, "timestamp": "2021-07-11T21:28:55.678Z", "text": "fff", "mentioned_users": []}}, {"model": "network.post", "pk": 49, "fields": {"user": 1, "timestamp": "2021-07-11T21:29:03.984Z", "text": "fff", "mentioned_users": []}}, {"model": "network.post", "pk": 50, "fields": {"user": 1, "timestamp": "2021-07-11T21:29:31.859Z", "text": "fff", "mentioned_users": []}}, {"model": "network.post", "pk": 51, "fields": {"user": 1, "timestamp": "2021-07-11T21:34:12.584Z", "text": "fff", "mentioned_users": []}}, {"model": "network.post", "pk": 52, "fields": {"user": 1, "timestamp": "2021-07-11T21:34:15.825Z", "text": "hhh", "mentioned_users": []}}, {"model": "network.post", "pk": 53, "fields": {"user": 1, "timestamp": "2021-07-11T21:34:26.016Z", "text": "asdf", "mentioned_users": []}}, {"model": "network.post", "pk": 54, "fields": {"user": 1, "timestamp": "2021-07-11T21:34:28.676Z", "text": "fdsa", "mentioned_users": []}}, {"model": "network.post", "pk": 55, "fields": {"user": 1, "timestamp": "2021-07-11T21:34:31.446Z", "text": "1", "mentioned_users": []}}, {"model": "network.post", "pk": 56, "fields": {"user": 1, "timestamp": "2021-07-11T21:34:33.833Z", "text": "2", "mentioned_users": []}}, {"model": "network.post", "pk": 57, "fields": {"user": 1, "timestamp": "2021-07-11T21:34:35.840Z", "text": "3", "mentioned_users": []}}, {"model": "network.post", "pk": 58, "fields": {"user": 1, "timestamp": "2021-07-11T21:34:38.030Z", "text": "4", "mentioned_users": []}}, {"model": "network.post", "pk": 59, "fields": {"user": 1, "timestamp": "2021-07-11T21:34:40.131Z", "text": "5", "mentioned_users": []}}, {"model": "network.post", "pk": 60, "fields": {"user": 1, "timestamp": "2021-07-11T21:47:20.126Z", "text": "ffff", "mentioned_users": []}}, {"model": "network.post", "pk": 61, "fields": {"user": 1, "timestamp": "2021-07-11T21:48:57.651Z", "text": "ffff", "mentioned_users": []}}, {"model": "network.post", "pk": 62, "fields": {"user": 1, "timestamp": "2021-07-11T21:49:19.368Z", "text": "sdsdf", "mentioned_users": []}}, {"model": "network.post", "pk": 63, "fields": {"user": 1, "timestamp": "2021-07-11T21:52:49.415Z", "text": "fffff", "mentioned_users": []}}, {"model": "network.post", "pk": 64, "fields": {"user": 1, "timestamp": "2021-07-11T21:54:00.788Z", "text": "fff", "mentioned_users": []}}, {"model": "network.post", "pk": 65, "fields": {"user": 1, "timestamp": "2021-07-11T21:56:33.982Z", "text": "ffff", "mentioned_users": []}}, {"model": "network.post", "pk": 66, "fields": {"user": 1, "timestamp": "2021-07-11T21:58:49.312Z", "text": "d", "mentioned_users": []}}, {"model": "network.post", "pk": 67, "fields": {"user": 1, "timestamp": "2021-07-11T21:59:06.822Z", "text": "f", "mentioned_users": []}}, {"model": "network.post", "pk": 68, "fields": {"user": 1, "timestamp": "2021-07-11T22:00:04.535Z", "text": "aaaaa", "mentioned_users": []}}, {"model": "network.post", "pk": 69, "fields": {"user": 1, "timestamp": "2021-07-11T22:00:25.459Z", "text": "ghhh", "mentioned_users": []}}, {"model": "network.post", "pk": 70, "fields": {"user": 1, "timestamp": "2021-07-11T22:00:38.525Z", "text": "gggg", "mentioned_users": []}}, {"model": "network.post", "pk": 71, "fields": {"user": 1, "timestamp": "2021-07-11T22:01:08.635Z", "text": "tgtgtg", "mentioned_users": []}}, {"model": "network.post", "pk": 72, "fields": {"user": 1, "timestamp": "2021-07-11T22:01:34.410Z", "text": "hhhhhh", "mentioned_users": []}}, {"model": "network.post", "pk": 73, "fields": {"user": 1, "timestamp": "2021-07-11T22:09:03.451Z", "text": "fff", "mentioned_users": []}}, {"model": "network.post", "pk": 74, "fields": {"user": 1, "timestamp": "2021-07-11T22:09:07.967Z", "text": "ggg", "mentioned_users": []}}, {"model": "network.post", "pk": 75, "fields": {"user": 1, "timestamp": "2021-07-11T22:09:10.681Z", "text": "hhh", "mentioned_users": []}}, {"model": "network.post", "pk": 76, "fields": {"user": 1, "timestamp": "2021-07-11T22:12:00.544Z", "text": "ggggg", "mentioned_users": []}}, {"model": "network.post", "pk": 77, "fields": {"user": 1, "timestamp": "2021-07-11T22:20:31.895Z", "text": "fff", "mentioned_users": []}}, {"model": "network.post", "pk": 78, "fields": {"user": 1, "timestamp": "2021-07-11T22:21:12.750Z", "text": "dfdf", "mentioned_users": []}}, {"model": "network.post", "pk": 79, "fields": {"user": 1, "timestamp": "2021-07-11T22:31:19.980Z", "text": "hello", "mentioned_users": []}}, {"model": "network.post", "pk": 80, "fields": {"user": 1, "timestamp": "2021-07-11T22:31:59.939Z", "text": "ggg", "mentioned_users": []}}, {"model": "network.post", "pk": 81, "fields": {"user": 1, "timestamp": "2021-07-11T22:33:03.168Z", "text": "hrllo", "mentioned_users": []}}, {"model": "network.post", "pk": 82, "fields": {"user": 1, "timestamp": "2021-07-11T22:33:30.242Z", "text": "BONER\n", "mentioned_users": []}}, {"model": "network.post", "pk": 83, "fields": {"user": 1, "timestamp": "2021-07-11T22:34:49.520Z", "text": "boner", "mentioned_users": []}}, {"model": "network.post", "pk": 84, "fields": {"user": 1, "timestamp": "2021-07-11T22:42:41.190Z", "text": "fff", "mentioned_users": []}}, {"model": "network.post", "pk": 85, "fields": {"user": 1, "timestamp": "2021-07-11T22:42:45.748Z", "text": "sdfsdf", "mentioned_users": []}}, {"model": "network.post", "pk": 86, "fields": {"user": 1, "timestamp": "2021-07-11T22:43:18.783Z", "text": "sdfsdf", "mentioned_users": []}}, {"model": "network.post", "pk": 87, "fields": {"user": 1, "timestamp": "2021-07-11T22:44:30.297Z", "text": "ggggggg", "mentioned_users": []}}, {"model": "network.post", "pk": 88, "fields": {"user": 1, "timestamp": "2021-07-11T22:45:58.478Z", "text": "fff", "mentioned_users": []}}, {"model": "network.post", "pk": 89, "fields": {"user": 1, "timestamp": "2021-07-11T22:46:14.259Z", "text": "tttt", "mentioned_users": []}}, {"model": "network.post", "pk": 90, "fields": {"user": 1, "timestamp": "2021-07-11T22:46:48.670Z", "text": "gggggg", "mentioned_users": []}}, {"model": "network.post", "pk": 91, "fields": {"user": 1, "timestamp": "2021-07-11T22:48:15.761Z", "text": "ffffffff", "mentioned_users": []}}, {"model": "network.post", "pk": 92, "fields": {"user": 1, "timestamp": "2021-07-11T22:49:34.952Z", "text": "aaaaaa", "mentioned_users": []}}, {"model": "network.post", "pk": 93, "fields": {"user": 1, "timestamp": "2021-07-11T22:56:30.738Z", "text": "ggggg", "mentioned_users": []}}, {"model": "network.post", "pk": 94, "fields": {"user": 1, "timestamp": "2021-07-11T22:56:42.780Z", "text": "fff", "mentioned_users": []}}, {"model": "network.post", "pk": 95, "fields": {"user": 1, "timestamp": "2021-07-11T22:57:11.707Z", "text": "aaa", "mentioned_users": []}}, {"model": "network.post", "pk": 96, "fields": {"user": 1, "timestamp": "2021-07-11T22:57:22.133Z", "text": "ttt", "mentioned_users": []}}, {"model": "network.post", "pk": 97, "fields": {"user": 1, "timestamp": "2021-07-11T22:58:12.290Z", "text": "ggg", "mentioned_users": []}}, {"model": "network.post", "pk": 98, "fields": {"user": 1, "timestamp": "2021-07-11T22:58:26.177Z", "text": "gggg", "mentioned_users": []}}, {"model": "network.post", "pk": 99, "fields": {"user": 1, "timestamp": "2021-07-11T23:00:30.279Z", "text": "ffff", "mentioned_users": []}}, {"model": "network.post", "pk": 100, "fields": {"user": 1, "timestamp": "2021-07-11T23:00:43.330Z", "text": "dddd", "mentioned_users": []}}, {"model": "network.post", "pk": 101, "fields": {"user": 1, "timestamp": "2021-07-12T10:04:52.720Z", "text": "ffff", "mentioned_users": []}}, {"model": "network.post", "pk": 102, "fields": {"user": 1, "timestamp": "2021-07-12T10:17:25.426Z", "text": "gggggg", "mentioned_users": []}}, {"model": "network.post", "pk": 103, "fields": {"user": 1, "timestamp": "2021-07-12T10:19:17.551Z", "text": "ggg", "mentioned_users": []}}, {"model": "network.post", "pk": 104, "fields": {"user": 1, "timestamp": "2021-07-12T10:19:20.745Z", "text": "hhhdfasdfsdfasdfasdf", "mentioned_users": []}}, {"model": "network.post", "pk": 105, "fields": {"user": 1, "timestamp": "2021-07-12T10:29:39.851Z", "text": "ggg", "mentioned_users": []}}, {"model": "network.post", "pk": 106, "fields": {"user": 1, "timestamp": "2021-07-12T10:29:44.920Z", "text": "hhh", "mentioned_users": []}}, {"model": "network.post", "pk": 107, "fields": {"user": 1, "timestamp": "2021-07-12T10:29:49.458Z", "text": "hhhhhh", "mentioned_users": []}}, {"model": "network.post", "pk": 108, "fields": {"user": 1, "timestamp": "2021-07-12T10:39:03.349Z", "text": "dfsdfdsgggaaa", "mentioned_users": []}}, {"model": "network.post", "pk": 109, "fields": {"user": 1, "timestamp": "2021-07-12T18:20:48.286Z", "text": "Ok guys long tweetstorm coming up. We're going to change a few things about the CS50 curriculum.\n\n1. All back-end in C\n2. All front-end in Scratch\n\nI'm looking forward to teaching the new CS50 in 2021!", "mentioned_users": []}}, {"model": "network.post", "pk": 110, "fields": {"user": 1, "timestamp": "2021-07-14T08:03:44.927Z", "text": "hanging out with @brian tonight", "mentioned_users": []}}, {"model": "network.post", "pk": 111, "fields": {"user": 1, "timestamp": "2021-07-14T08:08:16.331Z", "text": "hanging out with @joe tonight", "mentioned_users": []}}, {"model": "network.post", "pk": 112, "fields": {"user": 1, "timestamp": "2021-07-14T08:50:17.058Z", "text": "hanging out with @brian and @joe tonight", "mentioned_users": [3]}}, {"model": "network.post", "pk": 113, "fields": {"user": 21, "timestamp": "2021-07-14T09:47:01.428Z", "text": "yo @brian", "mentioned_users": [3]}}, {"model": "network.post", "pk": 114, "fields": {"user": 3, "timestamp": "2021-07-14T10:18:07.509Z", "text": "whats up @david?", "mentioned_users": []}}, {"model": "network.post", "pk": 115, "fields": {"user": 3, "timestamp": "2021-07-14T10:19:14.071Z", "text": "test @david?as.fff#ggg", "mentioned_users": []}}, {"model": "network.post", "pk": 116, "fields": {"user": 2, "timestamp": "2021-07-14T10:21:48.842Z", "text": "hey @brian test", "mentioned_users": [3]}}, {"model": "network.post", "pk": 117, "fields": {"user": 2, "timestamp": "2021-07-14T10:54:36.186Z", "text": "hey @brian again", "mentioned_users": [3]}}, {"model": "network.post", "pk": 118, "fields": {"user": 2, "timestamp": "2021-07-14T11:00:19.780Z", "text": "hi @brian test", "mentioned_users": [3]}}, {"model": "network.post", "pk": 119, "fields": {"user": 3, "timestamp": "2021-07-14T15:01:19.700Z", "text": "dsfs", "mentioned_users": []}}, {"model": "network.post", "pk": 120, "fields": {"user": 26, "timestamp": "2021-07-15T08:51:12.972Z", "text": "hanging out with @brian? and @joe. how bout that", "mentioned_users": [3]}}, {"model": "network.post", "pk": 121, "fields": {"user": 26, "timestamp": "2021-07-15T08:51:18.842Z", "text": "hanging out with @brian? and @joe. how bout that", "mentioned_users": [3]}}, {"model": "network.post", "pk": 122, "fields": {"user": 26, "timestamp": "2021-07-15T09:23:44.736Z", "text": "string test @brian? @brian/ @brian| @brian. @brian_this_one_should_be_a_long_username.butnotafterthedot @brian\"\" @brian-", "mentioned_users": [3]}}, {"model": "network.post", "pk": 123, "fields": {"user": 26, "timestamp": "2021-07-15T09:29:13.662Z", "text": "hey @brian_______brian___ how are you", "mentioned_users": []}}, {"model": "network.post", "pk": 124, "fields": {"user": 2, "timestamp": "2021-07-16T09:51:08.146Z", "text": "hey @dmalan @dmalan @dmalan", "mentioned_users": [1]}}, {"model": "network.post", "pk": 125, "fields": {"user": 2, "timestamp": "2021-07-16T09:52:43.570Z", "text": "yo @david @david @david", "mentioned_users": []}}, {"model": "network.post", "pk": 126, "fields": {"user": 2, "timestamp": "2021-07-16T09:53:27.757Z", "text": "hey @dmalan @dmalan", "mentioned_users": [1]}}, {"model": "network.post", "pk": 127, "fields": {"user": 2, "timestamp": "2021-07-16T09:54:12.601Z", "text": "hey @dmalan @dmalan", "mentioned_users": [1]}}, {"model": "network.post", "pk": 128, "fields": {"user": 2, "timestamp": "2021-07-16T09:55:50.423Z", "text": "yo @dmalan @dmalan @dmalan", "mentioned_users": [1]}}, {"model": "network.post", "pk": 129, "fields": {"user": 2, "timestamp": "2021-07-16T11:03:37.057Z", "text": "yo @dmalan what's up", "mentioned_users": [1]}}, {"model": "network.post", "pk": 130, "fields": {"user": 2, "timestamp": "2021-07-16T11:09:02.286Z", "text": "heya @dmalan", "mentioned_users": [1]}}, {"model": "network.post", "pk": 131, "fields": {"user": 1, "timestamp": "2021-07-16T14:56:26.802Z", "text": "hi", "mentioned_users": []}}, {"model": "network.post", "pk": 132, "fields": {"user": 2, "timestamp": "2021-07-16T14:59:33.914Z", "text": "test", "mentioned_users": []}}, {"model": "network.post", "pk": 133, "fields": {"user": 2, "timestamp": "2021-07-16T15:04:41.863Z", "text": "1234", "mentioned_users": []}}, {"model": "network.post", "pk": 134, "fields": {"user": 2, "timestamp": "2021-07-16T15:05:04.282Z", "text": "fdgdfg", "mentioned_users": []}}, {"model": "network.post", "pk": 135, "fields": {"user": 2, "timestamp": "2021-07-16T15:06:30.911Z", "text": "fffff", "mentioned_users": []}}, {"model": "network.post", "pk": 136, "fields": {"user": 2, "timestamp": "2021-07-16T15:14:12.161Z", "text": "asdfsdf", "mentioned_users": []}}, {"model": "network.post", "pk": 137, "fields": {"user": 2, "timestamp": "2021-07-16T15:16:17.377Z", "text": "gggggg", "mentioned_users": []}}, {"model": "network.post", "pk": 138, "fields": {"user": 2, "timestamp": "2021-07-16T17:43:13.048Z", "text": "asdf", "mentioned_users": []}}, {"model": "network.post", "pk": 139, "fields": {"user": 2, "timestamp": "2021-07-16T17:45:23.302Z", "text": "blablabla", "mentioned_users": []}}, {"model": "network.post", "pk": 140, "fields": {"user": 2, "timestamp": "2021-07-16T17:46:39.047Z", "text": "hello", "mentioned_users": []}}, {"model": "network.post", "pk": 141, "fields": {"user": 2, "timestamp": "2021-07-16T17:47:17.614Z", "text": "asdfasdf", "mentioned_users": []}}, {"model": "network.post", "pk": 142, "fields": {"user": 2, "timestamp": "2021-07-16T17:52:34.561Z", "text": "blablabla", "mentioned_users": []}}, {"model": "network.post", "pk": 143, "fields": {"user": 2, "timestamp": "2021-07-16T17:53:13.250Z", "text": "yoyoyo", "mentioned_users": []}}, {"model": "network.post", "pk": 144, "fields": {"user": 2, "timestamp": "2021-07-16T17:53:40.591Z", "text": "heya ^_^", "mentioned_users": []}}, {"model": "network.post", "pk": 145, "fields": {"user": 2, "timestamp": "2021-07-16T17:54:07.579Z", "text": "dididi", "mentioned_users": []}}, {"model": "network.post", "pk": 146, "fields": {"user": 2, "timestamp": "2021-07-16T17:54:29.187Z", "text": "safe bruv", "mentioned_users": []}}, {"model": "network.post", "pk": 147, "fields": {"user": 2, "timestamp": "2021-07-16T17:57:16.351Z", "text": "asdf", "mentioned_users": []}}, {"model": "network.post", "pk": 148, "fields": {"user": 2, "timestamp": "2021-07-16T17:58:58.519Z", "text": "asdf", "mentioned_users": []}}, {"model": "network.post", "pk": 149, "fields": {"user": 2, "timestamp": "2021-07-16T17:59:29.804Z", "text": "asdf", "mentioned_users": []}}, {"model": "network.post", "pk": 150, "fields": {"user": 2, "timestamp": "2021-07-16T18:01:16.537Z", "text": "asd", "mentioned_users": []}}, {"model": "network.post", "pk": 151, "fields": {"user": 2, "timestamp": "2021-07-16T18:05:25.138Z", "text": "asdf", "mentioned_users": []}}, {"model": "network.post", "pk": 152, "fields": {"user": 2, "timestamp": "2021-07-16T18:06:57.213Z", "text": "gaga", "mentioned_users": []}}, {"model": "network.post", "pk": 153, "fields": {"user": 2, "timestamp": "2021-07-16T18:08:09.726Z", "text": "ggggg", "mentioned_users": []}}, {"model": "network.post", "pk": 154, "fields": {"user": 2, "timestamp": "2021-07-16T18:09:35.438Z", "text": "ffffff", "mentioned_users": []}}, {"model": "network.post", "pk": 155, "fields": {"user": 2, "timestamp": "2021-07-16T18:10:53.077Z", "text": "ggggg", "mentioned_users": []}}, {"model": "network.post", "pk": 156, "fields": {"user": 2, "timestamp": "2021-07-16T18:12:10.196Z", "text": "gggg", "mentioned_users": []}}, {"model": "network.post", "pk": 157, "fields": {"user": 2, "timestamp": "2021-07-16T18:21:59.072Z", "text": "asdf", "mentioned_users": []}}, {"model": "network.post", "pk": 158, "fields": {"user": 2, "timestamp": "2021-07-16T18:27:33.941Z", "text": "asdfsdf", "mentioned_users": []}}, {"model": "network.post", "pk": 159, "fields": {"user": 2, "timestamp": "2021-07-16T18:28:58.898Z", "text": "asdasda", "mentioned_users": []}}, {"model": "network.post", "pk": 160, "fields": {"user": 2, "timestamp": "2021-07-16T18:29:42.527Z", "text": "asdfasdf", "mentioned_users": []}}, {"model": "network.post", "pk": 161, "fields": {"user": 2, "timestamp": "2021-07-16T18:58:16.448Z", "text": "asdfsadf", "mentioned_users": []}}, {"model": "network.post", "pk": 162, "fields": {"user": 2, "timestamp": "2021-07-16T18:58:32.038Z", "text": "asdf", "mentioned_users": []}}, {"model": "network.post", "pk": 163, "fields": {"user": 2, "timestamp": "2021-07-16T18:59:10.660Z", "text": "sdfasdf", "mentioned_users": []}}, {"model": "network.post", "pk": 164, "fields": {"user": 2, "timestamp": "2021-07-16T18:59:24.913Z", "text": "asdfasdf", "mentioned_users": []}}, {"model": "network.post", "pk": 165, "fields": {"user": 2, "timestamp": "2021-07-16T19:02:18.525Z", "text": "sdfsdf", "mentioned_users": []}}, {"model": "network.post", "pk": 166, "fields": {"user": 2, "timestamp": "2021-07-16T19:02:34.129Z", "text": "adsfasdf", "mentioned_users": []}}, {"model": "network.post", "pk": 167, "fields": {"user": 2, "timestamp": "2021-07-16T19:04:30.326Z", "text": "hey @dmalan whats up", "mentioned_users": [1]}}, {"model": "network.post", "pk": 168, "fields": {"user": 2, "timestamp": "2021-07-16T19:05:28.666Z", "text": "hey @dmalan what's up", "mentioned_users": [1]}}, {"model": "network.post", "pk": 169, "fields": {"user": 2, "timestamp": "2021-07-16T19:05:38.960Z", "text": "yo @dmalan answer me", "mentioned_users": [1]}}, {"model": "network.post", "pk": 170, "fields": {"user": 2, "timestamp": "2021-07-16T20:10:44.562Z", "text": "test 123", "mentioned_users": []}}, {"model": "network.post", "pk": 171, "fields": {"user": 1, "timestamp": "2021-07-17T15:20:39.580Z", "text": "hi", "mentioned_users": []}}, {"model": "network.post", "pk": 172, "fields": {"user": 1, "timestamp": "2021-07-17T15:20:54.944Z", "text": "asdf", "mentioned_users": []}}, {"model": "network.post", "pk": 173, "fields": {"user": 1, "timestamp": "2021-07-17T15:21:00.376Z", "text": "lkjljlkjlkkk", "mentioned_users": []}}, {"model": "network.post", "pk": 174, "fields": {"user": 1, "timestamp": "2021-07-22T18:44:23.809Z", "text": "sdflsdfksfdlgskdlfg substring(4, rgbColor.length-1).replace(/ /g, '').split(',');substring(4, rgbColor.length-1).replace", "mentioned_users": []}}, {"model": "network.post", "pk": 175, "fields": {"user": 2, "timestamp": "2021-07-22T18:45:12.100Z", "text": "yo @dmalan", "mentioned_users": [1]}}, {"model": "network.post", "pk": 176, "fields": {"user": 2, "timestamp": "2021-07-22T18:45:29.524Z", "text": "yo @dmalan whats up", "mentioned_users": [1]}}, {"model": "network.post", "pk": 177, "fields": {"user": 1, "timestamp": "2021-07-22T18:45:53.851Z", "text": "asdlolol", "mentioned_users": []}}, {"model": "network.post", "pk": 178, "fields": {"user": 2, "timestamp": "2021-07-22T19:04:30.098Z", "text": "yo @dmalan hello", "mentioned_users": [1]}}, {"model": "network.post", "pk": 179, "fields": {"user": 2, "timestamp": "2021-07-22T19:06:10.214Z", "text": "hello @dmalan hi", "mentioned_users": [1]}}, {"model": "admin.logentry", "pk": 1, "fields": {"action_time": "2021-07-04T13:35:31.965Z", "user": 2, "content_type": 1, "object_id": "1", "object_repr": "User dmalan", "action_flag": 2, "change_message": "[{\"changed\": {\"fields\": [\"Avatar\"]}}]"}}, {"model": "admin.logentry", "pk": 2, "fields": {"action_time": "2021-07-04T13:47:36.682Z", "user": 2, "content_type": 1, "object_id": "1", "object_repr": "User dmalan", "action_flag": 2, "change_message": "[{\"changed\": {\"fields\": [\"Avatar\"]}}]"}}, {"model": "admin.logentry", "pk": 3, "fields": {"action_time": "2021-07-04T14:05:32.537Z", "user": 2, "content_type": 1, "object_id": "1", "object_repr": "User dmalan", "action_flag": 2, "change_message": "[{\"changed\": {\"fields\": [\"Avatar\"]}}]"}}, {"model": "admin.logentry", "pk": 4, "fields": {"action_time": "2021-07-04T14:08:38.682Z", "user": 2, "content_type": 1, "object_id": "1", "object_repr": "User dmalan", "action_flag": 2, "change_message": "[{\"changed\": {\"fields\": [\"Avatar\"]}}]"}}, {"model": "admin.logentry", "pk": 5, "fields": {"action_time": "2021-07-04T14:32:06.813Z", "user": 2, "content_type": 1, "object_id": "1", "object_repr": "User dmalan", "action_flag": 2, "change_message": "[{\"changed\": {\"fields\": [\"Avatar\"]}}]"}}, {"model": "admin.logentry", "pk": 6, "fields": {"action_time": "2021-07-04T14:52:29.704Z", "user": 2, "content_type": 7, "object_id": "1", "object_repr": "Post object (1)", "action_flag": 1, "change_message": "[{\"added\": {}}]"}}, {"model": "admin.logentry", "pk": 7, "fields": {"action_time": "2021-07-04T15:30:48.945Z", "user": 2, "content_type": 1, "object_id": "1", "object_repr": "User dmalan", "action_flag": 2, "change_message": "[{\"changed\": {\"fields\": [\"Avatar\"]}}]"}}, {"model": "admin.logentry", "pk": 8, "fields": {"action_time": "2021-07-04T15:33:41.965Z", "user": 2, "content_type": 1, "object_id": "1", "object_repr": "User dmalan", "action_flag": 2, "change_message": "[{\"changed\": {\"fields\": [\"Avatar\"]}}]"}}, {"model": "admin.logentry", "pk": 9, "fields": {"action_time": "2021-07-04T15:36:45.184Z", "user": 2, "content_type": 1, "object_id": "1", "object_repr": "User dmalan", "action_flag": 2, "change_message": "[{\"changed\": {\"fields\": [\"Avatar\"]}}]"}}, {"model": "admin.logentry", "pk": 10, "fields": {"action_time": "2021-07-04T16:05:49.088Z", "user": 2, "content_type": 1, "object_id": "1", "object_repr": "User dmalan", "action_flag": 2, "change_message": "[{\"changed\": {\"fields\": [\"Avatar\"]}}]"}}, {"model": "admin.logentry", "pk": 11, "fields": {"action_time": "2021-07-04T16:07:08.998Z", "user": 2, "content_type": 1, "object_id": "1", "object_repr": "User dmalan", "action_flag": 2, "change_message": "[{\"changed\": {\"fields\": [\"Avatar\"]}}]"}}, {"model": "admin.logentry", "pk": 12, "fields": {"action_time": "2021-07-04T16:09:01.654Z", "user": 2, "content_type": 1, "object_id": "1", "object_repr": "User dmalan", "action_flag": 2, "change_message": "[{\"changed\": {\"fields\": [\"Avatar\"]}}]"}}, {"model": "admin.logentry", "pk": 13, "fields": {"action_time": "2021-07-04T16:18:16.469Z", "user": 2, "content_type": 1, "object_id": "1", "object_repr": "User dmalan", "action_flag": 2, "change_message": "[{\"changed\": {\"fields\": [\"Avatar\"]}}]"}}, {"model": "admin.logentry", "pk": 14, "fields": {"action_time": "2021-07-05T08:31:40.010Z", "user": 2, "content_type": 7, "object_id": "2", "object_repr": "dmalan at 2021-07-05 08:31:40.009761+00:00: Post 2", "action_flag": 1, "change_message": "[{\"added\": {}}]"}}, {"model": "admin.logentry", "pk": 15, "fields": {"action_time": "2021-07-05T08:31:45.328Z", "user": 2, "content_type": 7, "object_id": "3", "object_repr": "dmalan at 2021-07-05 08:31:45.327382+00:00: Post 3", "action_flag": 1, "change_message": "[{\"added\": {}}]"}}, {"model": "admin.logentry", "pk": 16, "fields": {"action_time": "2021-07-05T08:31:53.070Z", "user": 2, "content_type": 7, "object_id": "4", "object_repr": "dmalan at 2021-07-05 08:31:53.069561+00:00: Post 4", "action_flag": 1, "change_message": "[{\"added\": {}}]"}}, {"model": "admin.logentry", "pk": 17, "fields": {"action_time": "2021-07-05T08:31:58.305Z", "user": 2, "content_type": 7, "object_id": "5", "object_repr": "dmalan at 2021-07-05 08:31:58.304778+00:00: Post 5", "action_flag": 1, "change_message": "[{\"added\": {}}]"}}, {"model": "admin.logentry", "pk": 18, "fields": {"action_time": "2021-07-05T08:32:05.070Z", "user": 2, "content_type": 7, "object_id": "6", "object_repr": "dmalan at 2021-07-05 08:32:05.069509+00:00: Post 6", "action_flag": 1, "change_message": "[{\"added\": {}}]"}}, {"model": "admin.logentry", "pk": 19, "fields": {"action_time": "2021-07-05T08:32:11.252Z", "user": 2, "content_type": 7, "object_id": "7", "object_repr": "dmalan at 2021-07-05 08:32:11.251836+00:00: Post 7", "action_flag": 1, "change_message": "[{\"added\": {}}]"}}, {"model": "admin.logentry", "pk": 20, "fields": {"action_time": "2021-07-05T08:32:17.338Z", "user": 2, "content_type": 7, "object_id": "8", "object_repr": "dmalan at 2021-07-05 08:32:17.337595+00:00: Post 8", "action_flag": 1, "change_message": "[{\"added\": {}}]"}}, {"model": "admin.logentry", "pk": 21, "fields": {"action_time": "2021-07-05T08:32:22.911Z", "user": 2, "content_type": 7, "object_id": "9", "object_repr": "dmalan at 2021-07-05 08:32:22.911067+00:00: Post 9", "action_flag": 1, "change_message": "[{\"added\": {}}]"}}, {"model": "admin.logentry", "pk": 22, "fields": {"action_time": "2021-07-05T08:32:28.212Z", "user": 2, "content_type": 7, "object_id": "10", "object_repr": "dmalan at 2021-07-05 08:32:28.211530+00:00: Post 10", "action_flag": 1, "change_message": "[{\"added\": {}}]"}}, {"model": "admin.logentry", "pk": 23, "fields": {"action_time": "2021-07-05T08:32:33.465Z", "user": 2, "content_type": 7, "object_id": "11", "object_repr": "dmalan at 2021-07-05 08:32:33.464721+00:00: Post 11", "action_flag": 1, "change_message": "[{\"added\": {}}]"}}, {"model": "admin.logentry", "pk": 24, "fields": {"action_time": "2021-07-05T08:32:39.500Z", "user": 2, "content_type": 7, "object_id": "12", "object_repr": "dmalan at 2021-07-05 08:32:39.499543+00:00: Post 12", "action_flag": 1, "change_message": "[{\"added\": {}}]"}}, {"model": "admin.logentry", "pk": 25, "fields": {"action_time": "2021-07-05T09:49:11.866Z", "user": 2, "content_type": 1, "object_id": "3", "object_repr": "User brian", "action_flag": 2, "change_message": "[{\"changed\": {\"fields\": [\"Liked posts\"]}}]"}}, {"model": "admin.logentry", "pk": 26, "fields": {"action_time": "2021-07-05T09:51:07.300Z", "user": 2, "content_type": 1, "object_id": "3", "object_repr": "User brian", "action_flag": 2, "change_message": "[{\"changed\": {\"fields\": [\"Liked posts\"]}}]"}}, {"model": "admin.logentry", "pk": 27, "fields": {"action_time": "2021-07-05T09:56:12.287Z", "user": 2, "content_type": 1, "object_id": "3", "object_repr": "User brian", "action_flag": 2, "change_message": "[{\"changed\": {\"fields\": [\"Following\"]}}]"}}, {"model": "admin.logentry", "pk": 28, "fields": {"action_time": "2021-07-05T09:56:18.869Z", "user": 2, "content_type": 1, "object_id": "1", "object_repr": "User dmalan", "action_flag": 2, "change_message": "[{\"changed\": {\"fields\": [\"Following\"]}}]"}}, {"model": "admin.logentry", "pk": 29, "fields": {"action_time": "2021-07-05T10:05:23.202Z", "user": 2, "content_type": 1, "object_id": "1", "object_repr": "User dmalan", "action_flag": 2, "change_message": "[{\"changed\": {\"fields\": [\"Bio\"]}}]"}}, {"model": "admin.logentry", "pk": 30, "fields": {"action_time": "2021-07-09T14:24:43.154Z", "user": 2, "content_type": 1, "object_id": "1", "object_repr": "User dmalan", "action_flag": 2, "change_message": "[{\"changed\": {\"fields\": [\"Verbose name\"]}}]"}}, {"model": "admin.logentry", "pk": 31, "fields": {"action_time": "2021-07-14T15:20:28.851Z", "user": 2, "content_type": 1, "object_id": "3", "object_repr": "brian", "action_flag": 2, "change_message": "[{\"changed\": {\"fields\": [\"Email address\"]}}]"}}, {"model": "admin.logentry", "pk": 32, "fields": {"action_time": "2021-07-14T20:08:33.891Z", "user": 2, "content_type": 1, "object_id": "23", "object_repr": "", "action_flag": 3, "change_message": ""}}, {"model": "admin.logentry", "pk": 33, "fields": {"action_time": "2021-07-17T14:44:29.918Z", "user": 2, "content_type": 1, "object_id": "2", "object_repr": "admin", "action_flag": 2, "change_message": "[{\"changed\": {\"fields\": [\"Theme\"]}}]"}}, {"model": "admin.logentry", "pk": 34, "fields": {"action_time": "2021-07-17T14:51:07.226Z", "user": 2, "content_type": 1, "object_id": "1", "object_repr": "dmalan", "action_flag": 2, "change_message": "[{\"changed\": {\"fields\": [\"Theme\"]}}]"}}, {"model": "admin.logentry", "pk": 35, "fields": {"action_time": "2021-07-21T16:10:15.947Z", "user": 2, "content_type": 1, "object_id": "1", "object_repr": "dmalan", "action_flag": 2, "change_message": "[{\"changed\": {\"fields\": [\"Language\"]}}]"}}, {"model": "admin.logentry", "pk": 36, "fields": {"action_time": "2021-07-21T16:12:07.041Z", "user": 2, "content_type": 1, "object_id": "1", "object_repr": "dmalan", "action_flag": 2, "change_message": "[{\"changed\": {\"fields\": [\"Language\"]}}]"}}, {"model": "admin.logentry", "pk": 37, "fields": {"action_time": "2021-07-23T06:18:49.504Z", "user": 2, "content_type": 9, "object_id": "1", "object_repr": "brian to fdmalan at 2021-07-23 06:18:49.490772+00:00: hey david just testing the DM feautre", "action_flag": 1, "change_message": "[{\"added\": {}}]"}}, {"model": "auth.permission", "pk": 1, "fields": {"name": "Can add user", "content_type": 1, "codename": "add_user"}}, {"model": "auth.permission", "pk": 2, "fields": {"name": "Can change user", "content_type": 1, "codename": "change_user"}}, {"model": "auth.permission", "pk": 3, "fields": {"name": "Can delete user", "content_type": 1, "codename": "delete_user"}}, {"model": "auth.permission", "pk": 4, "fields": {"name": "Can view user", "content_type": 1, "codename": "view_user"}}, {"model": "auth.permission", "pk": 5, "fields": {"name": "Can add log entry", "content_type": 2, "codename": "add_logentry"}}, {"model": "auth.permission", "pk": 6, "fields": {"name": "Can change log entry", "content_type": 2, "codename": "change_logentry"}}, {"model": "auth.permission", "pk": 7, "fields": {"name": "Can delete log entry", "content_type": 2, "codename": "delete_logentry"}}, {"model": "auth.permission", "pk": 8, "fields": {"name": "Can view log entry", "content_type": 2, "codename": "view_logentry"}}, {"model": "auth.permission", "pk": 9, "fields": {"name": "Can add permission", "content_type": 3, "codename": "add_permission"}}, {"model": "auth.permission", "pk": 10, "fields": {"name": "Can change permission", "content_type": 3, "codename": "change_permission"}}, {"model": "auth.permission", "pk": 11, "fields": {"name": "Can delete permission", "content_type": 3, "codename": "delete_permission"}}, {"model": "auth.permission", "pk": 12, "fields": {"name": "Can view permission", "content_type": 3, "codename": "view_permission"}}, {"model": "auth.permission", "pk": 13, "fields": {"name": "Can add group", "content_type": 4, "codename": "add_group"}}, {"model": "auth.permission", "pk": 14, "fields": {"name": "Can change group", "content_type": 4, "codename": "change_group"}}, {"model": "auth.permission", "pk": 15, "fields": {"name": "Can delete group", "content_type": 4, "codename": "delete_group"}}, {"model": "auth.permission", "pk": 16, "fields": {"name": "Can view group", "content_type": 4, "codename": "view_group"}}, {"model": "auth.permission", "pk": 17, "fields": {"name": "Can add content type", "content_type": 5, "codename": "add_contenttype"}}, {"model": "auth.permission", "pk": 18, "fields": {"name": "Can change content type", "content_type": 5, "codename": "change_contenttype"}}, {"model": "auth.permission", "pk": 19, "fields": {"name": "Can delete content type", "content_type": 5, "codename": "delete_contenttype"}}, {"model": "auth.permission", "pk": 20, "fields": {"name": "Can view content type", "content_type": 5, "codename": "view_contenttype"}}, {"model": "auth.permission", "pk": 21, "fields": {"name": "Can add session", "content_type": 6, "codename": "add_session"}}, {"model": "auth.permission", "pk": 22, "fields": {"name": "Can change session", "content_type": 6, "codename": "change_session"}}, {"model": "auth.permission", "pk": 23, "fields": {"name": "Can delete session", "content_type": 6, "codename": "delete_session"}}, {"model": "auth.permission", "pk": 24, "fields": {"name": "Can view session", "content_type": 6, "codename": "view_session"}}, {"model": "auth.permission", "pk": 25, "fields": {"name": "Can add posts", "content_type": 7, "codename": "add_post"}}, {"model": "auth.permission", "pk": 26, "fields": {"name": "Can change posts", "content_type": 7, "codename": "change_post"}}, {"model": "auth.permission", "pk": 27, "fields": {"name": "Can delete posts", "content_type": 7, "codename": "delete_post"}}, {"model": "auth.permission", "pk": 28, "fields": {"name": "Can view posts", "content_type": 7, "codename": "view_post"}}, {"model": "auth.permission", "pk": 29, "fields": {"name": "Can add kv store", "content_type": 8, "codename": "add_kvstore"}}, {"model": "auth.permission", "pk": 30, "fields": {"name": "Can change kv store", "content_type": 8, "codename": "change_kvstore"}}, {"model": "auth.permission", "pk": 31, "fields": {"name": "Can delete kv store", "content_type": 8, "codename": "delete_kvstore"}}, {"model": "auth.permission", "pk": 32, "fields": {"name": "Can view kv store", "content_type": 8, "codename": "view_kvstore"}}, {"model": "auth.permission", "pk": 33, "fields": {"name": "Can add DM", "content_type": 9, "codename": "add_directmessage"}}, {"model": "auth.permission", "pk": 34, "fields": {"name": "Can change DM", "content_type": 9, "codename": "change_directmessage"}}, {"model": "auth.permission", "pk": 35, "fields": {"name": "Can delete DM", "content_type": 9, "codename": "delete_directmessage"}}, {"model": "auth.permission", "pk": 36, "fields": {"name": "Can view DM", "content_type": 9, "codename": "view_directmessage"}}, {"model": "contenttypes.contenttype", "pk": 1, "fields": {"app_label": "network", "model": "user"}}, {"model": "contenttypes.contenttype", "pk": 2, "fields": {"app_label": "admin", "model": "logentry"}}, {"model": "contenttypes.contenttype", "pk": 3, "fields": {"app_label": "auth", "model": "permission"}}, {"model": "contenttypes.contenttype", "pk": 4, "fields": {"app_label": "auth", "model": "group"}}, {"model": "contenttypes.contenttype", "pk": 5, "fields": {"app_label": "contenttypes", "model": "contenttype"}}, {"model": "contenttypes.contenttype", "pk": 6, "fields": {"app_label": "sessions", "model": "session"}}, {"model": "contenttypes.contenttype", "pk": 7, "fields": {"app_label": "network", "model": "post"}}, {"model": "contenttypes.contenttype", "pk": 8, "fields": {"app_label": "thumbnail", "model": "kvstore"}}, {"model": "contenttypes.contenttype", "pk": 9, "fields": {"app_label": "network", "model": "directmessage"}}, {"model": "sessions.session", "pk": "9cnnd6qvyub54r528ing3o2qcehobiz6", "fields": {"session_data": ".eJxVjMsOgjAURP-la9PQB1zq0j3fQIb21qKmTSisjP8uJCx0NcmcM_MWI7Y1jVvlZZyDuAotLr_dBP_kfIDwQL4X6Utel3mShyJPWuVQAr9up_t3kFDTvrYNVLTErdHgCGbdaBudInTkqTVK7QlqDHpQH8krRBiaXN-xM86Kzxfgozeq:1m5UDl:Y3q2h0zu3xKLaL4M7L9fUrFh7avrV8u0aUB0ORLQhMk", "expire_date": "2021-08-02T14:26:13.117Z"}}, {"model": "sessions.session", "pk": "a1dbpmsps0twrrgjor180jz64hnhv0yb", "fields": {"session_data": ".eJxVjDsOwjAQRO_iGlle_2JR0nMGa9fr4ACypTipIu5OIqWAZop5b2YTEdelxLXnOU4srgLE5bcjTK9cD8BPrI8mU6vLPJE8FHnSLu-N8_t2un8HBXvZ12QUJEpWoXPa25AsGmbtPcAYDOiAaVCUjSVG8AEp7MmaB699GB2IzxfUtTdZ:1m2a8w:QRtiVlp8SmDU70nhScYhXuFQuofvfLdbu5sKai7SU0Y", "expire_date": "2021-07-25T14:09:14.407Z"}}, {"model": "sessions.session", "pk": "ctfgghckt8f4tvczsipg03i4cgdiu0d8", "fields": {"session_data": ".eJxVjDsOwjAQRO_iGlle_2JR0nMGa9fr4ACypTipIu5OIqWAZop5b2YTEdelxLXnOU4srgLE5bcjTK9cD8BPrI8mU6vLPJE8FHnSLu-N8_t2un8HBXvZ12QUJEpWoXPa25AsGmbtPcAYDOiAaVCUjSVG8AEp7MmaB699GB2IzxfUtTdZ:1m6axx:r0FdUjJQJpQ_8GFIWPNlp4evy0EBiS6sRvnR9I1B3Wo", "expire_date": "2021-08-05T15:50:29.542Z"}}, {"model": "sessions.session", "pk": "ktpkwwy16bhgj0sowsq0cb1nv2v73mas", "fields": {"session_data": ".eJxVjMsOgjAURP-la9PQB1zq0j3fQIb21qKmTSisjP8uJCx0NcmcM_MWI7Y1jVvlZZyDuAotLr_dBP_kfIDwQL4X6Utel3mShyJPWuVQAr9up_t3kFDTvrYNVLTErdHgCGbdaBudInTkqTVK7QlqDHpQH8krRBiaXN-xM86Kzxfgozeq:1m03xr:hJNlY_UdczE9kspvZcRyPrR7p9sxY2tn1sah40K-0UI", "expire_date": "2021-07-18T15:23:23.193Z"}}, {"model": "sessions.session", "pk": "pf2h10jfdwu528n9tydr3uf09euxy3x2", "fields": {"session_data": "e30:1m03wc:WTeitf5ZMsCytRZoFZjkJ3w3uj604Na9LEM0PNEvvWo", "expire_date": "2021-07-18T15:22:06.401Z"}}, {"model": "thumbnail.kvstore", "pk": "sorl-thumbnail||image||eed6f8b60d2b6ad6e4c0d2522030d3f5", "fields": {"value": "{\"name\": \"avatars/default/default_avatar.png\", \"storage\": \"django.core.files.storage.FileSystemStorage\", \"size\": [900, 900]}"}}, {"model": "thumbnail.kvstore", "pk": "sorl-thumbnail||image||fd29e63b6635e6c0fbb47691bce7d2e1", "fields": {"value": "{\"name\": \"cache/f1/07/f107e616578c0157c4862e807a14558b.jpg\", \"storage\": \"django.core.files.storage.FileSystemStorage\", \"size\": [200, 200]}"}}, {"model": "thumbnail.kvstore", "pk": "sorl-thumbnail||thumbnails||eed6f8b60d2b6ad6e4c0d2522030d3f5", "fields": {"value": "[\"fd29e63b6635e6c0fbb47691bce7d2e1\"]"}}]